-- phpMyAdmin SQL Dump
-- version 5.2.1
-- https://www.phpmyadmin.net/
--
-- Host: 127.0.0.1
-- Generation Time: Dec 09, 2024 at 11:16 PM
-- Server version: 10.4.32-MariaDB
-- PHP Version: 8.2.12

SET SQL_MODE = "NO_AUTO_VALUE_ON_ZERO";
START TRANSACTION;
SET time_zone = "+00:00";


/*!40101 SET @OLD_CHARACTER_SET_CLIENT=@@CHARACTER_SET_CLIENT */;
/*!40101 SET @OLD_CHARACTER_SET_RESULTS=@@CHARACTER_SET_RESULTS */;
/*!40101 SET @OLD_COLLATION_CONNECTION=@@COLLATION_CONNECTION */;
/*!40101 SET NAMES utf8mb4 */;

--
-- Database: `project_itcs333`
--

-- --------------------------------------------------------

--
-- Table structure for table `admin`
--

CREATE TABLE `admin` (
  `UserName` varchar(10) NOT NULL,
  `Password` varchar(20) NOT NULL
) ENGINE=InnoDB DEFAULT CHARSET=utf8mb4 COLLATE=utf8mb4_general_ci;

-- --------------------------------------------------------

--
-- Table structure for table `bookings`
--

CREATE TABLE `bookings` (
  `BookingID` int(11) NOT NULL,
  `RoomID` int(11) NOT NULL,
  `TimeslotID` int(11) NOT NULL,
  `BookingDate` date NOT NULL,
  `Email` varchar(100) NOT NULL
) ENGINE=InnoDB DEFAULT CHARSET=utf8mb4 COLLATE=utf8mb4_general_ci;

--
-- Dumping data for table `bookings`
--

INSERT INTO `bookings` (`BookingID`, `RoomID`, `TimeslotID`, `BookingDate`, `Email`) VALUES
(1, 28, 1, '2024-12-03', '202010051@stu.uob.edu.bh'),
(2, 21, 1, '2024-12-03', '202010051@stu.uob.edu.bh'),
(3, 21, 2, '2024-12-10', '202106980@stu.uob.edu.bh'),
(4, 23, 2, '2024-12-11', '202106980@stu.uob.edu.bh');

-- --------------------------------------------------------

--
-- Table structure for table `rooms`
--

CREATE TABLE `rooms` (
  `RoomID` int(11) NOT NULL,
  `departmentName` varchar(100) NOT NULL,
  `FloorNum` varchar(100) NOT NULL,
  `RoomType` varchar(100) NOT NULL,
  `capacity` int(11) NOT NULL,
  `Equipment` longtext CHARACTER SET utf8mb4 COLLATE utf8mb4_bin NOT NULL
) ENGINE=InnoDB DEFAULT CHARSET=utf8mb4 COLLATE=utf8mb4_general_ci;

--
-- Dumping data for table `rooms`
--

INSERT INTO `rooms` (`RoomID`, `departmentName`, `FloorNum`, `RoomType`, `capacity`, `Equipment`) VALUES
(21, 'IS', 'G', 'Lab', 30, 'PC, Projector, Whiteboard'),
(23, 'IS', 'G', 'Lab', 30, 'PC, Projector, Whiteboard'),
(28, 'IS', 'G', 'class', 40, 'PC, Projector, Whiteboard'),
(29, 'IS', 'G', 'class', 40, 'PC, Projector, Whiteboard'),
(30, 'IS', 'G', 'Lab', 30, 'PC, Projector, Whiteboard'),
(32, 'IS', 'G', 'class', 40, 'PC, Projector, Whiteboard'),
(49, 'CS', 'G', 'class', 40, 'PC, Projector, Whiteboard'),
(51, 'CS', 'G', 'Lab', 30, 'PC, Projector, Whiteboard'),
(56, 'CS', 'G', 'class', 40, 'PC, Projector, Whiteboard'),
(57, 'CS', 'G', 'class', 40, 'PC, Projector, Whiteboard'),
(58, 'CS', 'G', 'Lab', 30, 'PC, Projector, Whiteboard'),
(60, 'CS', 'G', 'class', 40, 'PC, Projector, Whiteboard'),
(77, 'CE', 'G', 'class', 40, 'PC, Projector, Whiteboard'),
(79, 'CE', 'G', 'Lab', 30, 'PC, Projector, Whiteboard'),
(84, 'CE', 'G', 'class', 40, 'PC, Projector, Whiteboard'),
(85, 'CE', 'G', 'class', 40, 'PC, Projector, Whiteboard'),
(86, 'CE', 'G', 'Lab', 30, 'PC, Projector, Whiteboard'),
(88, 'CE', 'G', 'class', 40, 'PC, Projector, Whiteboard'),
(1006, 'IS', '1', 'Lab', 30, 'PC, Projector, Whiteboard'),
(1008, 'IS', '1', 'Lab', 30, 'PC, Projector, Whiteboard'),
(1009, 'IS', '1', 'Lab', 30, 'PC, Projector, Whiteboard'),
(1010, 'IS', '1', 'Lab', 30, 'PC, Projector, Whiteboard'),
(1012, 'IS', '1', 'Lab', 30, 'PC, Projector, Whiteboard'),
(1014, 'IS', '1', 'Lab', 30, 'PC, Projector, Whiteboard'),
(1043, 'CS', '1', 'Lab', 30, 'PC, Projector, Whiteboard'),
(1045, 'CS', '1', 'Lab', 30, 'PC, Projector, Whiteboard'),
(1047, 'CS', '1', 'class', 40, 'PC, Projector, Whiteboard'),
(1048, 'CS', '1', 'class', 40, 'PC, Projector, Whiteboard'),
(1050, 'CS', '1', 'Lab', 30, 'PC, Projector, Whiteboard'),
(1052, 'CS', '1', 'Lab', 30, 'PC, Projector, Whiteboard'),
(1081, 'CE', '1', 'Lab', 30, 'PC, Projector, Whiteboard'),
(1083, 'CE', '1', 'Lab', 30, 'PC, Projector, Whiteboard'),
(1085, 'CE', '1', 'class', 40, 'PC, Projector, Whiteboard'),
(1086, 'CE', '1', 'class', 40, 'PC, Projector, Whiteboard'),
(1087, 'CE', '1', 'Lab', 30, 'PC, Projector, Whiteboard'),
(1089, 'CE', '1', 'Lab', 30, 'PC, Projector, Whiteboard'),
(2005, 'IS', '2', 'Lab', 30, 'PC, Projector, Whiteboard'),
(2007, 'IS', '2', 'Lab', 30, 'PC, Projector, Whiteboard'),
(2008, 'IS', '2', 'class', 40, 'PC, Projector, Whiteboard'),
(2010, 'IS', '2', 'class', 40, 'PC, Projector, Whiteboard'),
(2011, 'IS', '2', 'class', 40, 'PC, Projector, Whiteboard'),
(2012, 'IS', '2', 'class', 40, 'PC, Projector, Whiteboard'),
(2013, 'IS', '2', 'Lab', 30, 'PC, Projector, Whiteboard'),
(2015, 'IS', '2', 'Lab', 30, 'PC, Projector, Whiteboard'),
(2043, 'CS', '2', 'Lab', 30, 'PC, Projector, Whiteboard'),
(2045, 'CS', '2', 'Lab', 30, 'PC, Projector, Whiteboard'),
(2046, 'CS', '2', 'class', 40, 'PC, Projector, Whiteboard'),
(2048, 'CS', '2', 'class', 40, 'PC, Projector, Whiteboard'),
(2049, 'CS', '2', 'class', 40, 'PC, Projector, Whiteboard'),
(2050, 'CS', '2', 'class', 40, 'PC, Projector, Whiteboard'),
(2051, 'CS', '2', 'Lab', 30, 'PC, Projector, Whiteboard'),
(2053, 'CS', '2', 'Lab', 30, 'PC, Projector, Whiteboard'),
(2081, 'CE', '2', 'Lab', 30, 'PC, Projector, Whiteboard'),
(2083, 'CE', '2', 'Lab', 30, 'PC, Projector, Whiteboard'),
(2084, 'CE', '2', 'class', 40, 'PC, Projector, Whiteboard'),
(2086, 'CE', '2', 'class', 40, 'PC, Projector, Whiteboard'),
(2087, 'CE', '2', 'class', 40, 'PC, Projector, Whiteboard'),
(2088, 'CE', '2', 'class', 40, 'PC, Projector, Whiteboard'),
(2089, 'CE', '2', 'Lab', 30, 'PC, Projector, Whiteboard'),
(2091, 'CE', '2', 'Lab', 30, 'PC, Projector, Whiteboard');

-- --------------------------------------------------------

--
-- Table structure for table `schedules`
--

CREATE TABLE `schedules` (
  `iD` int(10) NOT NULL,
  `room_id` int(5) NOT NULL,
  `schedule_date` date NOT NULL,
  `start_time` time(4) NOT NULL,
  `end_time` time(4) NOT NULL
) ENGINE=InnoDB DEFAULT CHARSET=utf8mb4 COLLATE=utf8mb4_general_ci;

-- --------------------------------------------------------

--
-- Table structure for table `timeslots`
--

CREATE TABLE `timeslots` (
  `TimeslotID` int(11) NOT NULL,
  `RoomID` int(11) NOT NULL,
  `StartTime` time NOT NULL,
  `EndTime` time NOT NULL,
  `is_available` tinyint(1) NOT NULL DEFAULT 1
) ENGINE=InnoDB DEFAULT CHARSET=utf8mb4 COLLATE=utf8mb4_general_ci;

--
-- Dumping data for table `timeslots`
--

INSERT INTO `timeslots` (`TimeslotID`, `RoomID`, `StartTime`, `EndTime`, `is_available`) VALUES
(1, 21, '08:00:00', '09:40:00', 1),
(1, 23, '08:00:00', '09:40:00', 1),
(1, 28, '08:00:00', '08:50:00', 1),
(1, 29, '08:00:00', '08:50:00', 1),
(1, 30, '08:00:00', '09:40:00', 1),
(1, 32, '08:00:00', '08:50:00', 1),
(1, 49, '08:00:00', '08:50:00', 1),
(1, 51, '08:00:00', '09:40:00', 1),
(1, 56, '08:00:00', '08:50:00', 1),
(1, 57, '08:00:00', '08:50:00', 1),
(1, 58, '08:00:00', '09:40:00', 1),
(1, 60, '08:00:00', '08:50:00', 1),
(1, 77, '08:00:00', '08:50:00', 1),
(1, 79, '08:00:00', '09:40:00', 1),
(1, 84, '08:00:00', '08:50:00', 1),
(1, 85, '08:00:00', '08:50:00', 1),
(1, 86, '08:00:00', '09:40:00', 1),
(1, 88, '08:00:00', '08:50:00', 1),
(1, 1006, '08:00:00', '09:40:00', 1),
(1, 1008, '08:00:00', '09:40:00', 1),
(1, 1009, '08:00:00', '09:40:00', 1),
(1, 1010, '08:00:00', '09:40:00', 1),
(1, 1012, '08:00:00', '09:40:00', 1),
(1, 1014, '08:00:00', '09:40:00', 1),
(1, 1043, '08:00:00', '09:40:00', 1),
(1, 1045, '08:00:00', '09:40:00', 1),
(1, 1047, '08:00:00', '08:50:00', 1),
(1, 1048, '08:00:00', '08:50:00', 1),
(1, 1050, '08:00:00', '09:40:00', 1),
(1, 1052, '08:00:00', '09:40:00', 1),
(1, 1081, '08:00:00', '09:40:00', 1),
(1, 1083, '08:00:00', '09:40:00', 1),
(1, 1085, '08:00:00', '08:50:00', 1),
(1, 1086, '08:00:00', '08:50:00', 1),
(1, 1087, '08:00:00', '09:40:00', 1),
(1, 1089, '08:00:00', '09:40:00', 1),
(1, 2005, '08:00:00', '09:40:00', 1),
(1, 2007, '08:00:00', '09:40:00', 1),
(1, 2008, '08:00:00', '08:50:00', 1),
(1, 2010, '08:00:00', '08:50:00', 1),
(1, 2011, '08:00:00', '08:50:00', 1),
(1, 2012, '08:00:00', '08:50:00', 1),
(1, 2013, '08:00:00', '09:40:00', 1),
(1, 2015, '08:00:00', '09:40:00', 1),
(1, 2043, '08:00:00', '09:40:00', 1),
(1, 2045, '08:00:00', '09:40:00', 1),
(1, 2046, '08:00:00', '08:50:00', 1),
(1, 2048, '08:00:00', '08:50:00', 1),
(1, 2049, '08:00:00', '08:50:00', 1),
(1, 2050, '08:00:00', '08:50:00', 1),
(1, 2051, '08:00:00', '09:40:00', 1),
(1, 2053, '08:00:00', '09:40:00', 1),
(1, 2081, '08:00:00', '09:40:00', 1),
(1, 2083, '08:00:00', '09:40:00', 1),
(1, 2084, '08:00:00', '08:50:00', 1),
(1, 2086, '08:00:00', '08:50:00', 1),
(1, 2087, '08:00:00', '08:50:00', 1),
(1, 2088, '08:00:00', '08:50:00', 1),
(1, 2089, '08:00:00', '09:40:00', 1),
(1, 2091, '08:00:00', '09:40:00', 1),
(2, 21, '10:00:00', '11:40:00', 1),
(2, 23, '10:00:00', '11:40:00', 1),
(2, 28, '09:00:00', '09:50:00', 1),
(2, 29, '09:00:00', '09:50:00', 1),
(2, 30, '10:00:00', '11:40:00', 1),
(2, 32, '09:00:00', '09:50:00', 1),
(2, 49, '09:00:00', '09:50:00', 1),
(2, 51, '10:00:00', '11:40:00', 1),
(2, 56, '09:00:00', '09:50:00', 1),
(2, 57, '09:00:00', '09:50:00', 1),
(2, 58, '10:00:00', '11:40:00', 1),
(2, 60, '09:00:00', '09:50:00', 1),
(2, 77, '09:00:00', '09:50:00', 1),
(2, 79, '10:00:00', '11:40:00', 1),
(2, 84, '09:00:00', '09:50:00', 1),
(2, 85, '09:00:00', '09:50:00', 1),
(2, 86, '10:00:00', '11:40:00', 1),
(2, 88, '09:00:00', '09:50:00', 1),
(2, 1006, '10:00:00', '11:40:00', 1),
(2, 1008, '10:00:00', '11:40:00', 1),
(2, 1009, '10:00:00', '11:40:00', 1),
(2, 1010, '10:00:00', '11:40:00', 1),
(2, 1012, '10:00:00', '11:40:00', 1),
(2, 1014, '10:00:00', '11:40:00', 1),
(2, 1043, '10:00:00', '11:40:00', 1),
(2, 1045, '10:00:00', '11:40:00', 1),
(2, 1047, '09:00:00', '09:50:00', 1),
(2, 1048, '09:00:00', '09:50:00', 1),
(2, 1050, '10:00:00', '11:40:00', 1),
(2, 1052, '10:00:00', '11:40:00', 1),
(2, 1081, '10:00:00', '11:40:00', 1),
(2, 1083, '10:00:00', '11:40:00', 1),
(2, 1085, '09:00:00', '09:50:00', 1),
(2, 1086, '09:00:00', '09:50:00', 1),
(2, 1087, '10:00:00', '11:40:00', 1),
(2, 1089, '10:00:00', '11:40:00', 1),
(2, 2005, '10:00:00', '11:40:00', 1),
(2, 2007, '10:00:00', '11:40:00', 1),
(2, 2008, '09:00:00', '09:50:00', 1),
(2, 2010, '09:00:00', '09:50:00', 1),
(2, 2011, '09:00:00', '09:50:00', 1),
(2, 2012, '09:00:00', '09:50:00', 1),
(2, 2013, '10:00:00', '11:40:00', 1),
(2, 2015, '10:00:00', '11:40:00', 1),
(2, 2043, '10:00:00', '11:40:00', 1),
(2, 2045, '10:00:00', '11:40:00', 1),
(2, 2046, '09:00:00', '09:50:00', 1),
(2, 2048, '09:00:00', '09:50:00', 1),
(2, 2049, '09:00:00', '09:50:00', 1),
(2, 2050, '09:00:00', '09:50:00', 1),
(2, 2051, '10:00:00', '11:40:00', 1),
(2, 2053, '10:00:00', '11:40:00', 1),
(2, 2081, '10:00:00', '11:40:00', 1),
(2, 2083, '10:00:00', '11:40:00', 1),
(2, 2084, '09:00:00', '09:50:00', 1),
(2, 2086, '09:00:00', '09:50:00', 1),
(2, 2087, '09:00:00', '09:50:00', 1),
(2, 2088, '09:00:00', '09:50:00', 1),
(2, 2089, '10:00:00', '11:40:00', 1),
(2, 2091, '10:00:00', '11:40:00', 1),
(3, 21, '12:00:00', '01:40:00', 1),
(3, 23, '12:00:00', '01:40:00', 1),
(3, 28, '10:00:00', '10:50:00', 1),
(3, 29, '10:00:00', '10:50:00', 1),
(3, 30, '12:00:00', '01:40:00', 1),
(3, 32, '10:00:00', '10:50:00', 1),
(3, 49, '10:00:00', '10:50:00', 1),
(3, 51, '12:00:00', '01:40:00', 1),
(3, 56, '10:00:00', '10:50:00', 1),
(3, 57, '10:00:00', '10:50:00', 1),
(3, 58, '12:00:00', '01:40:00', 1),
(3, 60, '10:00:00', '10:50:00', 1),
(3, 77, '10:00:00', '10:50:00', 1),
(3, 79, '12:00:00', '01:40:00', 1),
(3, 84, '10:00:00', '10:50:00', 1),
(3, 85, '10:00:00', '10:50:00', 1),
(3, 86, '12:00:00', '01:40:00', 1),
(3, 88, '10:00:00', '10:50:00', 1),
(3, 1006, '12:00:00', '01:40:00', 1),
(3, 1008, '12:00:00', '01:40:00', 1),
(3, 1009, '12:00:00', '01:40:00', 1),
(3, 1010, '12:00:00', '01:40:00', 1),
(3, 1012, '12:00:00', '01:40:00', 1),
(3, 1014, '12:00:00', '01:40:00', 1),
(3, 1043, '12:00:00', '01:40:00', 1),
(3, 1045, '12:00:00', '01:40:00', 1),
(3, 1047, '10:00:00', '10:50:00', 1),
(3, 1048, '10:00:00', '10:50:00', 1),
(3, 1050, '12:00:00', '01:40:00', 1),
(3, 1052, '12:00:00', '01:40:00', 1),
(3, 1081, '12:00:00', '01:40:00', 1),
(3, 1083, '12:00:00', '01:40:00', 1),
(3, 1085, '10:00:00', '10:50:00', 1),
(3, 1086, '10:00:00', '10:50:00', 1),
(3, 1087, '12:00:00', '01:40:00', 1),
(3, 1089, '12:00:00', '01:40:00', 1),
(3, 2005, '12:00:00', '01:40:00', 1),
(3, 2007, '12:00:00', '01:40:00', 1),
(3, 2008, '10:00:00', '10:50:00', 1),
(3, 2010, '10:00:00', '10:50:00', 1),
(3, 2011, '10:00:00', '10:50:00', 1),
(3, 2012, '10:00:00', '10:50:00', 1),
(3, 2013, '12:00:00', '01:40:00', 1),
(3, 2015, '12:00:00', '01:40:00', 1),
(3, 2043, '12:00:00', '01:40:00', 1),
(3, 2045, '12:00:00', '01:40:00', 1),
(3, 2046, '10:00:00', '10:50:00', 1),
(3, 2048, '10:00:00', '10:50:00', 1),
(3, 2049, '10:00:00', '10:50:00', 1),
(3, 2050, '10:00:00', '10:50:00', 1),
(3, 2051, '12:00:00', '01:40:00', 1),
(3, 2053, '12:00:00', '01:40:00', 1),
(3, 2081, '12:00:00', '01:40:00', 1),
(3, 2083, '12:00:00', '01:40:00', 1),
(3, 2084, '10:00:00', '10:50:00', 1),
(3, 2086, '10:00:00', '10:50:00', 1),
(3, 2087, '10:00:00', '10:50:00', 1),
(3, 2088, '10:00:00', '10:50:00', 1),
(3, 2089, '12:00:00', '01:40:00', 1),
(3, 2091, '12:00:00', '01:40:00', 1),
(4, 21, '02:00:00', '03:40:00', 1),
(4, 23, '02:00:00', '03:40:00', 1),
(4, 28, '11:00:00', '11:50:00', 1),
(4, 29, '11:00:00', '11:50:00', 1),
(4, 30, '02:00:00', '03:40:00', 1),
(4, 32, '11:00:00', '11:50:00', 1),
(4, 49, '11:00:00', '11:50:00', 1),
(4, 51, '02:00:00', '03:40:00', 1),
(4, 56, '11:00:00', '11:50:00', 1),
(4, 57, '11:00:00', '11:50:00', 1),
(4, 58, '02:00:00', '03:40:00', 1),
(4, 60, '11:00:00', '11:50:00', 1),
(4, 77, '11:00:00', '11:50:00', 1),
(4, 79, '02:00:00', '03:40:00', 1),
(4, 84, '11:00:00', '11:50:00', 1),
(4, 85, '11:00:00', '11:50:00', 1),
(4, 86, '02:00:00', '03:40:00', 1),
(4, 88, '11:00:00', '11:50:00', 1),
(4, 1006, '02:00:00', '03:40:00', 1),
(4, 1008, '02:00:00', '03:40:00', 1),
(4, 1009, '02:00:00', '03:40:00', 1),
(4, 1010, '02:00:00', '03:40:00', 1),
(4, 1012, '02:00:00', '03:40:00', 1),
(4, 1014, '02:00:00', '03:40:00', 1),
(4, 1043, '02:00:00', '03:40:00', 1),
(4, 1045, '02:00:00', '03:40:00', 1),
(4, 1047, '11:00:00', '11:50:00', 1),
(4, 1048, '11:00:00', '11:50:00', 1),
(4, 1050, '02:00:00', '03:40:00', 1),
(4, 1052, '02:00:00', '03:40:00', 1),
(4, 1081, '02:00:00', '03:40:00', 1),
(4, 1083, '02:00:00', '03:40:00', 1),
(4, 1085, '11:00:00', '11:50:00', 1),
(4, 1086, '11:00:00', '11:50:00', 1),
(4, 1087, '02:00:00', '03:40:00', 1),
(4, 1089, '02:00:00', '03:40:00', 1),
(4, 2005, '02:00:00', '03:40:00', 1),
(4, 2007, '02:00:00', '03:40:00', 1),
(4, 2008, '11:00:00', '11:50:00', 1),
(4, 2010, '11:00:00', '11:50:00', 1),
(4, 2011, '11:00:00', '11:50:00', 1),
(4, 2012, '11:00:00', '11:50:00', 1),
(4, 2013, '02:00:00', '03:40:00', 1),
(4, 2015, '02:00:00', '03:40:00', 1),
(4, 2043, '02:00:00', '03:40:00', 1),
(4, 2045, '02:00:00', '03:40:00', 1),
(4, 2046, '11:00:00', '11:50:00', 1),
(4, 2048, '11:00:00', '11:50:00', 1),
(4, 2049, '11:00:00', '11:50:00', 1),
(4, 2050, '11:00:00', '11:50:00', 1),
(4, 2051, '02:00:00', '03:40:00', 1),
(4, 2053, '02:00:00', '03:40:00', 1),
(4, 2081, '02:00:00', '03:40:00', 1),
(4, 2083, '02:00:00', '03:40:00', 1),
(4, 2084, '11:00:00', '11:50:00', 1),
(4, 2086, '11:00:00', '11:50:00', 1),
(4, 2087, '11:00:00', '11:50:00', 1),
(4, 2088, '11:00:00', '11:50:00', 1),
(4, 2089, '02:00:00', '03:40:00', 1),
(4, 2091, '02:00:00', '03:40:00', 1),
(5, 21, '04:00:00', '05:40:00', 1),
(5, 23, '04:00:00', '05:40:00', 1),
(5, 28, '12:00:00', '12:50:00', 1),
(5, 29, '12:00:00', '12:50:00', 1),
(5, 30, '04:00:00', '05:40:00', 1),
(5, 32, '12:00:00', '12:50:00', 1),
(5, 49, '12:00:00', '12:50:00', 1),
(5, 51, '04:00:00', '05:40:00', 1),
(5, 56, '12:00:00', '12:50:00', 1),
(5, 57, '12:00:00', '12:50:00', 1),
(5, 58, '04:00:00', '05:40:00', 1),
(5, 60, '12:00:00', '12:50:00', 1),
(5, 77, '12:00:00', '12:50:00', 1),
(5, 79, '04:00:00', '05:40:00', 1),
(5, 84, '12:00:00', '12:50:00', 1),
(5, 85, '12:00:00', '12:50:00', 1),
(5, 86, '04:00:00', '05:40:00', 1),
(5, 88, '12:00:00', '12:50:00', 1),
(5, 1006, '04:00:00', '05:40:00', 1),
(5, 1008, '04:00:00', '05:40:00', 1),
(5, 1009, '04:00:00', '05:40:00', 1),
(5, 1010, '04:00:00', '05:40:00', 1),
(5, 1012, '04:00:00', '05:40:00', 1),
(5, 1014, '04:00:00', '05:40:00', 1),
(5, 1043, '04:00:00', '05:40:00', 1),
(5, 1045, '04:00:00', '05:40:00', 1),
(5, 1047, '12:00:00', '12:50:00', 1),
(5, 1048, '12:00:00', '12:50:00', 1),
(5, 1050, '04:00:00', '05:40:00', 1),
(5, 1052, '04:00:00', '05:40:00', 1),
(5, 1081, '04:00:00', '05:40:00', 1),
(5, 1083, '04:00:00', '05:40:00', 1),
(5, 1085, '12:00:00', '12:50:00', 1),
(5, 1086, '12:00:00', '12:50:00', 1),
(5, 1087, '04:00:00', '05:40:00', 1),
(5, 1089, '04:00:00', '05:40:00', 1),
(5, 2005, '04:00:00', '05:40:00', 1),
(5, 2007, '04:00:00', '05:40:00', 1),
(5, 2008, '12:00:00', '12:50:00', 1),
(5, 2010, '12:00:00', '12:50:00', 1),
(5, 2011, '12:00:00', '12:50:00', 1),
(5, 2012, '12:00:00', '12:50:00', 1),
(5, 2013, '04:00:00', '05:40:00', 1),
(5, 2015, '04:00:00', '05:40:00', 1),
(5, 2043, '04:00:00', '05:40:00', 1),
(5, 2045, '04:00:00', '05:40:00', 1),
(5, 2046, '12:00:00', '12:50:00', 1),
(5, 2048, '12:00:00', '12:50:00', 1),
(5, 2049, '12:00:00', '12:50:00', 1),
(5, 2050, '12:00:00', '12:50:00', 1),
(5, 2051, '04:00:00', '05:40:00', 1),
(5, 2053, '04:00:00', '05:40:00', 1),
(5, 2081, '04:00:00', '05:40:00', 1),
(5, 2083, '04:00:00', '05:40:00', 1),
(5, 2084, '12:00:00', '12:50:00', 1),
(5, 2086, '12:00:00', '12:50:00', 1),
(5, 2087, '12:00:00', '12:50:00', 1),
(5, 2088, '12:00:00', '12:50:00', 1),
(5, 2089, '04:00:00', '05:40:00', 1),
(5, 2091, '04:00:00', '05:40:00', 1),
(6, 28, '01:00:00', '01:50:00', 1),
(6, 29, '01:00:00', '01:50:00', 1),
(6, 32, '01:00:00', '01:50:00', 1),
(6, 49, '01:00:00', '01:50:00', 1),
(6, 56, '01:00:00', '01:50:00', 1),
(6, 57, '01:00:00', '01:50:00', 1),
(6, 60, '01:00:00', '01:50:00', 1),
(6, 77, '01:00:00', '01:50:00', 1),
(6, 84, '01:00:00', '01:50:00', 1),
(6, 85, '01:00:00', '01:50:00', 1),
(6, 88, '01:00:00', '01:50:00', 1),
(6, 1047, '01:00:00', '01:50:00', 1),
(6, 1048, '01:00:00', '01:50:00', 1),
(6, 1085, '01:00:00', '01:50:00', 1),
(6, 1086, '01:00:00', '01:50:00', 1),
(6, 2008, '01:00:00', '01:50:00', 1),
(6, 2010, '01:00:00', '01:50:00', 1),
(6, 2011, '01:00:00', '01:50:00', 1),
(6, 2012, '01:00:00', '01:50:00', 1),
(6, 2046, '01:00:00', '01:50:00', 1),
(6, 2048, '01:00:00', '01:50:00', 1),
(6, 2049, '01:00:00', '01:50:00', 1),
(6, 2050, '01:00:00', '01:50:00', 1),
(6, 2084, '01:00:00', '01:50:00', 1),
(6, 2086, '01:00:00', '01:50:00', 1),
(6, 2087, '01:00:00', '01:50:00', 1),
(6, 2088, '01:00:00', '01:50:00', 1),
(7, 28, '02:00:00', '02:50:00', 1),
(7, 29, '02:00:00', '02:50:00', 1),
(7, 32, '02:00:00', '02:50:00', 1),
(7, 49, '02:00:00', '02:50:00', 1),
(7, 56, '02:00:00', '02:50:00', 1),
(7, 57, '02:00:00', '02:50:00', 1),
(7, 60, '02:00:00', '02:50:00', 1),
(7, 77, '02:00:00', '02:50:00', 1),
(7, 84, '02:00:00', '02:50:00', 1),
(7, 85, '02:00:00', '02:50:00', 1),
(7, 88, '02:00:00', '02:50:00', 1),
(7, 1047, '02:00:00', '02:50:00', 1),
(7, 1048, '02:00:00', '02:50:00', 1),
(7, 1085, '02:00:00', '02:50:00', 1),
(7, 1086, '02:00:00', '02:50:00', 1),
(7, 2008, '02:00:00', '02:50:00', 1),
(7, 2010, '02:00:00', '02:50:00', 1),
(7, 2011, '02:00:00', '02:50:00', 1),
(7, 2012, '02:00:00', '02:50:00', 1),
(7, 2046, '02:00:00', '02:50:00', 1),
(7, 2048, '02:00:00', '02:50:00', 1),
(7, 2049, '02:00:00', '02:50:00', 1),
(7, 2050, '02:00:00', '02:50:00', 1),
(7, 2084, '02:00:00', '02:50:00', 1),
(7, 2086, '02:00:00', '02:50:00', 1),
(7, 2087, '02:00:00', '02:50:00', 1),
(7, 2088, '02:00:00', '02:50:00', 1),
(8, 28, '03:00:00', '03:50:00', 1),
(8, 29, '03:00:00', '03:50:00', 1),
(8, 32, '03:00:00', '03:50:00', 1),
(8, 49, '03:00:00', '03:50:00', 1),
(8, 56, '03:00:00', '03:50:00', 1),
(8, 57, '03:00:00', '03:50:00', 1),
(8, 60, '03:00:00', '03:50:00', 1),
(8, 77, '03:00:00', '03:50:00', 1),
(8, 84, '03:00:00', '03:50:00', 1),
(8, 85, '03:00:00', '03:50:00', 1),
(8, 88, '03:00:00', '03:50:00', 1),
(8, 1047, '03:00:00', '03:50:00', 1),
(8, 1048, '03:00:00', '03:50:00', 1),
(8, 1085, '03:00:00', '03:50:00', 1),
(8, 1086, '03:00:00', '03:50:00', 1),
(8, 2008, '03:00:00', '03:50:00', 1),
(8, 2010, '03:00:00', '03:50:00', 1),
(8, 2011, '03:00:00', '03:50:00', 1),
(8, 2012, '03:00:00', '03:50:00', 1),
(8, 2046, '03:00:00', '03:50:00', 1),
(8, 2048, '03:00:00', '03:50:00', 1),
(8, 2049, '03:00:00', '03:50:00', 1),
(8, 2050, '03:00:00', '03:50:00', 1),
(8, 2084, '03:00:00', '03:50:00', 1),
(8, 2086, '03:00:00', '03:50:00', 1),
(8, 2087, '03:00:00', '03:50:00', 1),
(8, 2088, '03:00:00', '03:50:00', 1),
(9, 28, '04:00:00', '04:50:00', 1),
(9, 29, '04:00:00', '04:50:00', 1),
(9, 32, '04:00:00', '04:50:00', 1),
(9, 49, '04:00:00', '04:50:00', 1),
(9, 56, '04:00:00', '04:50:00', 1),
(9, 57, '04:00:00', '04:50:00', 1),
(9, 60, '04:00:00', '04:50:00', 1),
(9, 77, '04:00:00', '04:50:00', 1),
(9, 84, '04:00:00', '04:50:00', 1),
(9, 85, '04:00:00', '04:50:00', 1),
(9, 88, '04:00:00', '04:50:00', 1),
(9, 1047, '04:00:00', '04:50:00', 1),
(9, 1048, '04:00:00', '04:50:00', 1),
(9, 1085, '04:00:00', '04:50:00', 1),
(9, 1086, '04:00:00', '04:50:00', 1),
(9, 2008, '04:00:00', '04:50:00', 1),
(9, 2010, '04:00:00', '04:50:00', 1),
(9, 2011, '04:00:00', '04:50:00', 1),
(9, 2012, '04:00:00', '04:50:00', 1),
(9, 2046, '04:00:00', '04:50:00', 1),
(9, 2048, '04:00:00', '04:50:00', 1),
(9, 2049, '04:00:00', '04:50:00', 1),
(9, 2050, '04:00:00', '04:50:00', 1),
(9, 2084, '04:00:00', '04:50:00', 1),
(9, 2086, '04:00:00', '04:50:00', 1),
(9, 2087, '04:00:00', '04:50:00', 1),
(9, 2088, '04:00:00', '04:50:00', 1),
(10, 28, '05:00:00', '05:50:00', 1),
(10, 29, '05:00:00', '05:50:00', 1),
(10, 32, '05:00:00', '05:50:00', 1),
(10, 49, '05:00:00', '05:50:00', 1),
(10, 56, '05:00:00', '05:50:00', 1),
(10, 57, '05:00:00', '05:50:00', 1),
(10, 60, '05:00:00', '05:50:00', 1),
(10, 77, '05:00:00', '05:50:00', 1),
(10, 84, '05:00:00', '05:50:00', 1),
(10, 85, '05:00:00', '05:50:00', 1),
(10, 88, '05:00:00', '05:50:00', 1),
(10, 1047, '05:00:00', '05:50:00', 1),
(10, 1048, '05:00:00', '05:50:00', 1),
(10, 1085, '05:00:00', '05:50:00', 1),
(10, 1086, '05:00:00', '05:50:00', 1),
(10, 2008, '05:00:00', '05:50:00', 1),
(10, 2010, '05:00:00', '05:50:00', 1),
(10, 2011, '05:00:00', '05:50:00', 1),
(10, 2012, '05:00:00', '05:50:00', 1),
(10, 2046, '05:00:00', '05:50:00', 1),
(10, 2048, '05:00:00', '05:50:00', 1),
(10, 2049, '05:00:00', '05:50:00', 1),
(10, 2050, '05:00:00', '05:50:00', 1),
(10, 2084, '05:00:00', '05:50:00', 1),
(10, 2086, '05:00:00', '05:50:00', 1),
(10, 2087, '05:00:00', '05:50:00', 1),
(10, 2088, '05:00:00', '05:50:00', 1);

-- --------------------------------------------------------

--
-- Table structure for table `users`
--

CREATE TABLE `users` (
  `FName` varchar(100) NOT NULL,
  `LName` varchar(100) NOT NULL,
  `ID` int(11) NOT NULL,
  `Email` varchar(255) NOT NULL,
  `Password` varchar(255) NOT NULL,
  `role` enum('student','doctor','admin') NOT NULL,
  `profile_picture` text DEFAULT NULL
) ENGINE=InnoDB DEFAULT CHARSET=utf8mb4 COLLATE=utf8mb4_general_ci;

--
-- Dumping data for table `users`
--

INSERT INTO `users` (`FName`, `LName`, `ID`, `Email`, `Password`, `role`, `profile_picture`) VALUES
('fatima', 'ali', 12345678, '202010051@stu.uob.edu.bh', '$2y$10$MVaNTOeMkQAvfMXTzeveE.0ASMB8ID.auagjb6ksitw9ttsUGU0Um', 'student', 'uploads/WhatsApp Image 2022-11-10 at 10.08.28.jpg'),
('farqad', 'ahmed', 202001941, '202001941@stu.uob.edu.bh', '$2y$10$8fhGrjegRaSeAk1L4WGKE.5BWdH4j.TRFI8.vPg.vzxc7gjjdWpO6', 'student', NULL),
('frqd', 'ahmed', 202002941, 'farqad@uob.edu.bh', '$2y$10$r7hKRoAmwFCbHWS4CdVSEOW0G0o0b5bfPX75BWtVhCMCT20Y2AWGK', 'doctor', NULL),
('Ahmed', 'ABBAS', 202100561, '202100561@stu.uob.edu.bh', '$2y$10$84vS1pGLYwRnNTjFL/d3Yei4C4F7YFwlRuYPoxT0LX.CqINSRa5Ie', 'student', NULL),
('fatema', 'Mohamed', 202106980, '202106980@stu.uob.edu.bh', '$2y$10$u27uemZmzm.hTkxzCooBYenqb0VJV2zFTtri4FTTXttX45djJkoRe', 'student', 'uploads/user.png'),
('sahed', 'ali', 202212345, '202212345@stu.uob.edu.bh', '$2y$10$LCzHb9o3QpJVCklI8miqiOR8a2dHYZx/jAWmGBX6yp3wBWhgEAd66', 'student', NULL);

--
-- Indexes for dumped tables
--

--
-- Indexes for table `bookings`
--
ALTER TABLE `bookings`
  ADD PRIMARY KEY (`BookingID`),
  ADD KEY `RoomID` (`RoomID`),
  ADD KEY `TimeslotID` (`TimeslotID`);

--
-- Indexes for table `rooms`
--
ALTER TABLE `rooms`
  ADD PRIMARY KEY (`RoomID`);

--
-- Indexes for table `timeslots`
--
ALTER TABLE `timeslots`
  ADD PRIMARY KEY (`TimeslotID`,`RoomID`),
  ADD KEY `TimeslotID` (`TimeslotID`,`RoomID`),
  ADD KEY `TimeslotID_2` (`TimeslotID`,`RoomID`);

--
-- Indexes for table `users`
--
ALTER TABLE `users`
  ADD PRIMARY KEY (`ID`);

--
-- AUTO_INCREMENT for dumped tables
--

--
-- AUTO_INCREMENT for table `bookings`
--
ALTER TABLE `bookings`
  MODIFY `BookingID` int(11) NOT NULL AUTO_INCREMENT, AUTO_INCREMENT=5;

--
-- Constraints for dumped tables
--

--
-- Constraints for table `bookings`
--
ALTER TABLE `bookings`
  ADD CONSTRAINT `bookings_ibfk_1` FOREIGN KEY (`RoomID`) REFERENCES `rooms` (`RoomID`),
  ADD CONSTRAINT `bookings_ibfk_2` FOREIGN KEY (`TimeslotID`) REFERENCES `timeslots` (`TimeslotID`);
COMMIT;

/*!40101 SET CHARACTER_SET_CLIENT=@OLD_CHARACTER_SET_CLIENT */;
/*!40101 SET CHARACTER_SET_RESULTS=@OLD_CHARACTER_SET_RESULTS */;
/*!40101 SET COLLATION_CONNECTION=@OLD_COLLATION_CONNECTION */;
